Unnamed: 0,MainHaloID,HaloID,Galaxy_Type,r,X,Y,Z,Vx,Vy,Vz,R200c,Distancia XY,Distancia YZ,Distancia XZ,m_rx,m_ry,m_rz,m_mean,Dispersion,Tamaño Angular del grupo XY (arcsec),Tamaño Angular del grupo YZ (arcsec),Tamaño Angular del grupo XZ (arcsec),Brillo Superficial
50839,12573287739,12573287739,0,-20.79472,41750.945,294551.3,603763.9,723.37,-359.64,591.34,170.69305,297495.56,671782.2,605205.7,16.572681,18.341423,18.114796,17.6763,176.25603073367404,8.262238,3.6588938,4.0613956,21.323008
101668,12578000516,12578000516,0,-18.502258,53158.805,26992.777,26600.934,153.09,-26.52,-113.45,60.013355,59619.363,37897.49,59442.984,15.37468,14.390793,15.368244,15.044572,59.084737291765954,14.495142,22.803343,14.538151,21.869802
212190,12588457573,12588457573,0,-21.445255,121460.71,54554.89,633406.4,189.22,98.04,-508.57,123.72096,133150.06,635751.44,644946.75,14.176449,17.571182,17.602364,16.449999,169.39029672125247,13.38024,2.8023243,2.76237,20.695171
20480,12570666350,12570666350,0,-20.662207,38017.01,147525.98,290428.47,-505.17,140.33,71.79,142.29727,152345.69,325749.3,292906.1,15.251944,16.902208,16.671434,16.275194,164.73497081252924,13.450189,6.2903595,6.9956894,21.612246
111396,12578732666,12578732666,0,-19.373373,59847.125,41255.465,244922.67,111.34,-882.51,425.67,77.08613,72689.01,248372.97,252128.53,14.9339695,17.602148,17.634737,16.723618,109.84236843516987,15.271065,4.4692473,4.4026756,20.995966
206939,12588214687,12588214687,0,-20.66855,112327.78,46877.086,367513.44,156.71,453.31,10.45,106.89695,121716.85,370491.0,384296.3,14.7582035,17.17534,17.254782,16.396109,200.770268098524,12.646684,4.1547995,4.005544,21.199524
225533,12589730489,12589730489,0,-20.478487,104117.414,177860.02,101694.71,-476.54,-171.57,17.05,107.58682,206093.72,204880.44,145541.23,16.091837,16.079016,15.336443,15.835765,221.4658938888796,7.51721,7.5617266,10.644744,20.972433
230236,12590128147,12590128147,0,-19.697186,91815.19,199521.25,596505.1,393.9,-612.94,234.92,73.34854,219633.23,628988.94,603529.94,17.011303,19.296032,19.20631,18.504549,224.198781389752,4.809012,1.679233,1.750069,20.61175
24012,12570771145,12570771145,0,-21.747074,10745.933,169010.75,406289.28,426.66,-18.89,-358.44,115.89276,169352.03,440040.47,406431.38,14.396877,16.47039,16.29786,15.721709,279.53095897574195,9.854354,3.7925048,4.106119,20.355928
111797,12578918528,12578918528,0,-20.304676,54208.105,52603.918,449226.4,114.88,172.16,75.78,78.50586,75536.02,452295.84,452485.22,14.086094,17.972435,17.973347,16.677292,82.86007122513969,14.96614,2.4994357,2.4983897,20.870436
3078,12568888590,12568888590,0,-19.506596,31319.947,42082.11,268870.0,46.93,-793.61,-103.61,81.30113,52458.01,272143.3,270688.03,14.092464,17.667393,17.65575,16.471869,160.43255964071707,22.317516,4.3019104,4.3250384,21.55152
107456,12578035524,12578035524,0,-19.527954,71068.64,11032.046,76213.18,713.86,-153.34,210.42,75.61209,71919.8,77007.5,104207.484,14.756287,14.904713,15.561539,15.07418,103.17580315611586,15.139261,14.139047,10.448513,21.514235
108448,12578115743,12578115743,0,-18.401203,52444.344,9617.644,185457.97,266.88,-1121.37,3.33,58.313774,53318.93,185707.19,192730.56,15.233204,17.94294,18.023548,17.066565,96.89880861113386,15.748947,4.521733,4.3569546,21.86218
116273,12578810116,12578810116,0,-20.765856,74579.586,54308.914,320966.72,578.29,-125.74,-119.14,99.11362,92258.19,325528.94,329517.44,14.059168,16.79709,16.823538,15.893265,183.62740297704167,15.469997,4.38436,4.331291,20.665018
2948,12568965259,12568965259,0,-18.09572,34903.703,2727.6982,372538.9,386.36,255.71,272.89,60.013355,35010.125,372548.9,374170.44,14.62525,19.760195,19.769629,18.051691,88.74308390598382,24.683971,2.3196747,2.309622,22.334185
4472,12569125212,12569125212,0,-18.6275,38302.35,22042.072,531485.75,505.38,483.59,-133.92,60.73846,44191.887,531942.6,532864.1,14.599211,20.001822,20.005583,18.202204,113.73639676931548,19.791677,1.6442258,1.6413825,21.59588
103415,12577996225,12577996225,0,-19.797379,70386.74,24630.1,49146.37,512.03,-296.17,1.62,76.63872,74571.68,54972.793,85846.72,14.565491,13.903358,14.871243,14.446697,102.88693146786896,14.79913,20.075289,12.855429,21.289427
8608,12569477717,12569477717,0,-20.096682,15639.679,68355.16,294059.12,-73.17,177.83,235.29,80.79783,70121.516,301899.3,294474.72,14.132574,17.30263,17.248556,16.22792,185.58322860241083,16.592434,3.853896,3.9510643,21.038824
208336,12587440177,12587440177,0,-20.349333,123413.53,18003.828,156209.95,15.73,-214.48,334.04,135.69414,124719.836,157244.03,199079.0,15.130346,15.633539,16.145796,15.636561,191.35674623216164,15.667054,12.426504,9.815171,21.534912
7686,12569405208,12569405208,0,-19.531208,43689.14,57107.797,186021.44,379.3,-276.97,-345.7,74.318275,71903.0,194590.02,191083.0,14.752529,16.914394,16.874905,16.180609,104.79235475908268,14.883685,5.4996805,5.6006184,21.117918
8349,12569481055,12569481055,0,-20.034117,17586.42,81955.0,311944.88,70.13,183.61,466.01,95.046074,83820.664,322530.97,312440.22,14.58264,17.508741,17.439718,16.510366,116.85703534666165,16.328445,4.24351,4.380561,20.953167
107449,12577997640,12577997640,0,-18.307438,88712.39,29429.16,6212.9116,335.83,390.07,-86.6,69.868484,93466.375,30077.828,88929.68,16.545841,14.083797,16.437794,15.689144,92.12993673538146,10.764357,33.449852,11.313494,21.665289
110138,12578221157,12578221157,0,-20.091494,89462.54,30749.842,285246.0,9.75,-49.59,-245.49,85.21008,94599.67,286898.66,298946.2,14.787954,17.19715,17.28647,16.423859,162.99687853114773,12.970698,4.276859,4.1045012,21.195986
215547,12588351230,12588351230,0,-20.728992,130841.72,58713.918,523833.28,-192.7,96.76,-73.44,105.431015,143411.58,527113.5,539926.75,15.053928,17.880527,17.932682,16.955713,163.16828041461784,10.586353,2.8802269,2.8118749,20.244034
112294,12578844748,12578844748,0,-20.641602,76404.02,59056.016,369795.22,479.29,-25.97,234.96,113.329056,96567.01,374481.16,377605.72,14.282543,17.225548,17.243591,16.25056,148.63093444656786,16.899513,4.3578644,4.321805,20.881569
12459,12569888492,12569888492,0,-19.77041,9748.177,91057.18,77283.266,-221.29,14.87,-43.51,80.59487,91577.49,119432.46,77895.64,15.038534,15.615202,14.687155,15.113629,90.15951272888816,12.673037,9.717337,14.898965,20.881296
5830,12568961686,12568961686,0,-13.757656,18620.127,5780.5073,342889.12,-13.28,366.42,-483.54,32.925137,19496.754,342937.84,343394.3,17.692154,23.918423,23.92131,21.843964,22.576365263991736,24.317904,1.3825303,1.3806926,23.46377
6240,12569005141,12569005141,0,-17.669258,19957.87,34205.918,403984.75,1.49,239.24,-264.24,53.44905,39602.543,405430.28,404477.44,15.319359,20.370323,20.365215,18.684965,53.77746904491303,19.434723,1.8983938,1.9028659,22.287745
111066,12578918377,12578918377,0,-19.832947,55251.98,50908.69,437637.78,383.06,269.69,-277.86,78.39813,75129.734,440588.84,441111.78,14.546112,18.387222,18.389793,17.10771,133.67956440376062,15.026427,2.5623276,2.5592902,21.26747
202730,12587330271,12587330271,0,-20.306433,97472.47,6406.6665,26182.068,229.22,-173.42,-141.0,73.10206,97682.79,26954.518,100927.61,14.642656,11.846727,14.713617,13.734334,139.22481987950974,10.7764,39.05317,10.42994,20.551386
3824,12568916857,12568916857,0,-17.697903,6337.6294,29825.443,340367.72,-533.68,-370.34,-614.99,49.7243,30491.354,341671.97,340426.72,14.7229805,19.970142,19.962215,18.218447,60.47817839998567,23.482965,2.0956647,2.1033304,22.310225
12580,12569592611,12569592611,0,-18.944633,4304.845,59343.37,436479.12,88.89,154.98,-98.54,63.480003,59499.305,440494.78,436500.34,14.927925,19.27507,19.255287,17.819427,192.89058672583045,15.363383,2.075194,2.094184,21.631517
118521,12578845322,12578845322,0,-20.764376,77807.62,69275.14,363502.28,339.65,101.88,116.3,106.49041,104178.07,370044.53,371736.38,14.324507,17.076895,17.086802,16.162735,193.2127895319873,14.719603,4.1439924,4.125132,20.680542
113075,12579167149,12579167149,0,-20.17057,54341.8,107631.27,4991.6577,232.53,-14.57,-190.31,90.516655,120571.65,107746.97,54570.58,15.235657,14.991455,13.514221,14.580444,229.66866819321635,10.810492,12.097218,23.885307,21.134329
224964,12588243093,12588243093,0,-19.85905,120702.36,53329.17,414082.06,-70.3,536.05,178.2,81.40065,131958.56,417502.03,431315.44,15.743137,18.244244,18.314926,17.434103,120.33116349209092,8.882855,2.8075774,2.7176614,21.038486
116417,12578696024,12578696024,0,-20.014143,51021.688,43452.37,162307.64,-301.15,-374.07,294.18,82.580864,67017.32,168023.45,170138.12,14.116793,16.112703,16.139864,15.456454,154.88448418534247,17.7441,7.0773687,6.9894037,21.118193
1403,12568778303,12568778303,0,-19.180286,37580.47,31531.965,169678.0,657.33,-142.16,-284.76,67.775444,49056.664,172583.0,173789.86,14.273205,17.004704,17.019836,16.099249,107.65140827675452,19.894625,5.6550536,5.615783,21.260769
102910,12578115448,12578115448,0,-19.638842,51825.836,16197.258,167159.08,151.54,-97.77,13.44,74.5568,54297.957,167941.98,175008.78,14.035078,16.486956,16.57646,15.699498,195.3250057097605,19.772663,6.392789,6.1346498,21.187109
117750,12579509565,12579509565,0,-20.41364,67439.66,105919.01,432504.2,-12.35,-69.14,-143.74,100.04657,125566.49,445284.97,437730.5,15.08073,17.829548,17.792393,16.90089,202.5421061671176,11.473358,3.23539,3.291227,21.043089
209677,12588168472,12588168472,0,-20.75706,124357.52,38915.926,364084.03,-66.04,326.21,-67.38,95.772484,130304.42,366157.94,384736.25,14.817736,17.061281,17.168756,16.349258,181.6929818469463,10.583853,3.7664719,3.584595,20.9069
207862,12587506249,12587506249,0,-18.932941,121692.516,1520.9956,212983.84,-229.14,-299.51,-788.62,80.79783,121702.02,212989.28,245298.16,16.493546,17.708847,18.01553,17.405973,135.84157070384188,9.560137,5.4626617,4.7431607,21.218723
8408,12569559245,12569559245,0,-19.266788,30529.682,81263.414,394735.22,206.38,126.25,16.08,72.225586,86809.01,403013.2,395914.06,15.426037,18.759808,18.721218,17.635687,109.07373613304878,11.98087,2.5806806,2.6269548,21.490984
103842,12578363965,12578363965,0,-19.832901,60622.695,7351.251,472911.2,390.02,-20.12,82.27,84.0098,61066.78,472968.3,476780.97,14.096127,18.54126,18.558693,17.06536,151.96324016570102,19.810085,2.5577636,2.5373101,21.402033
307824,12597103132,12597103132,0,-19.873877,144992.38,6791.3257,659977.5,347.8,-428.97,-121.94,101.79888,145151.34,660012.44,675716.75,15.935228,19.223886,19.274946,18.144686,162.6882324312521,10.099134,2.2210245,2.169406,20.882647
221420,12588241945,12588241945,0,-20.509048,100557.63,50964.754,410260.25,221.74,252.51,-389.0,89.86677,112735.28,413413.7,422404.22,14.751251,17.572876,17.619595,16.647907,169.43444614765122,11.4789295,3.1302335,3.0636091,20.890755
5649,12569219550,12569219550,0,-19.000635,41822.793,19422.031,663279.44,-100.71,513.33,-542.19,82.28882,46112.484,663563.75,664596.7,14.318457,20.108778,20.112158,18.179796,143.13054641416227,25.697031,1.78575,1.7829746,21.612082
3241,12568974417,12568974417,0,-16.935904,6776.4233,37304.324,361013.78,210.35,423.94,-469.52,70.93506,37914.805,362936.03,361077.38,15.958139,20.863245,20.852098,19.224495,139.18414858480355,26.94093,2.8144484,2.8289359,22.06263
116344,12579654272,12579654272,0,-19.42545,91014.89,99482.1,549198.56,245.46,218.46,-92.2,82.774216,134834.7,558135.94,556689.1,16.22356,19.308254,19.302616,18.278143,148.71782052474018,8.84007,2.1355884,2.141139,21.300467
16554,12570254366,12570254366,0,-20.410679,1918.4669,96179.95,469028.16,523.68,-120.86,7.12,145.73717,96199.086,478788.06,469032.1,14.505177,17.99004,17.945335,16.813517,249.98095207864284,21.815268,4.3831816,4.4743524,21.919456
22289,12570841106,12570841106,0,-20.085552,2875.2705,137018.98,499239.28,108.48,89.87,-182.83,74.438126,137049.16,517700.75,499247.56,15.598827,18.484844,18.406025,17.496565,190.8797634581805,7.8213434,2.0705185,2.147049,20.743736
209396,12588424144,12588424144,0,-17.851755,119049.45,53309.605,609731.4,-227.4,-297.68,-128.78,68.4877,130440.36,612057.4,621244.8,17.725302,21.082205,21.114557,19.974022,84.99682817904042,7.560716,1.6113243,1.5874947,21.683146
314454,12597764830,12597764830,0,-21.307352,153684.92,86752.984,60800.098,733.24,-236.09,142.25,105.01302,176479.84,105937.4,165274.64,14.9261265,13.817892,14.783682,14.509234,298.63559549173607,8.568609,14.274332,9.149539,20.377335
4812,12569146474,12569146474,0,-16.491213,30504.844,21726.418,572491.25,364.96,519.64,-51.96,59.08095,37451.07,572903.4,573303.4,16.376108,22.299192,22.30071,20.325338,112.25822754813224,22.71665,1.4850073,1.4839712,22.26264
102107,12578114256,12578114256,0,-18.721983,85656.31,21674.984,188814.66,204.9,-611.36,-541.91,62.48044,88356.15,190054.67,207335.42,16.0092,17.672407,17.861383,17.180998,90.17186953549258,10.182853,4.733997,4.339433,21.551834
106133,12578509108,12578509108,0,-19.482439,68157.055,28493.865,621632.8,-344.58,563.37,-52.91,71.19675,73873.44,622285.5,625358.06,14.8600025,19.487513,19.498205,17.948572,106.4727112917471,13.878221,1.6475285,1.6394339,21.555906
173,12568660807,12568660807,0,-18.52435,9053.606,35449.406,44100.797,-191.87,-117.14,90.98,61.96786,36587.266,56582.156,45020.527,14.292301,15.239048,14.7427025,14.758018,88.71630458135616,24.389189,15.770621,19.820625,21.755545
7295,12569293973,12569293973,0,-19.711315,45113.363,72805.195,78767.09,-16.84,-31.91,293.59,70.671425,85649.35,107260.67,90771.53,14.952305,15.440887,15.078434,15.157208,168.95382207088755,11.881789,9.487801,11.211309,20.953583
116732,12578034764,12578034764,0,-18.654955,46699.812,19309.973,87281.375,150.33,-316.8,539.03,60.19688,50534.617,89391.91,98989.445,14.862989,16.101538,16.322989,15.762505,198.92690001579933,17.153261,9.697014,8.756839,20.9168
123513,12578772519,12578772519,0,-20.246687,69701.82,66251.234,288042.25,-99.11,-276.07,456.9,89.04097,96164.29,295563.12,296355.7,14.668383,17.106565,17.11238,16.295776,171.93997342301836,13.333312,4.338125,4.3265233,20.907738
19067,12570257969,12570257969,0,-18.573423,25985.885,92687.766,469580.25,257.8,-328.61,-76.67,68.907295,96261.56,478640.38,470298.72,16.34384,19.826624,19.788446,18.65297,114.25773756163832,10.308002,2.073091,2.1098611,21.593025
6364,12569219414,12569219414,0,-18.618979,33258.848,6452.1484,631099.6,497.43,21.74,-386.29,56.919777,33878.918,631132.6,631975.4,14.030668,20.381624,20.384523,18.265604,81.81079357812467,24.193268,1.2986887,1.2969568,21.950882
108466,12578187076,12578187076,0,-19.934967,77997.086,31544.834,254837.28,237.43,-531.51,680.32,92.64466,84134.55,256782.23,266506.25,14.689903,17.112858,17.193573,16.332111,95.78384680141058,15.856519,5.1953864,5.005822,21.060436
2807,12568965879,12568965879,0,-18.07376,10723.5625,26381.432,365662.03,262.42,137.66,-267.29,67.4865,28477.617,366612.47,365819.22,14.198759,19.747278,19.742575,17.896204,143.11278768690156,34.124992,2.6507707,2.6565187,22.518005
116859,12578995302,12578995302,0,-20.607483,79449.93,48211.348,517925.38,1118.55,1095.03,48.9,102.6839,92933.445,520164.44,523983.78,14.233376,17.97322,17.989105,16.731901,144.0309496746154,15.910804,2.842655,2.8219347,21.04368
10394,12569590578,12569590578,0,-20.092197,1245.8823,80169.86,429058.66,324.96,-296.3,32.75,92.41286,80179.54,436484.3,429060.47,14.42812,18.107647,18.070396,16.868721,147.7433212740437,16.597036,3.048781,3.1015327,21.169394
528621,12617197927,12617197927,0,-20.933096,261712.75,125650.53,380693.3,-308.05,-219.26,-21.97,157.73221,290312.97,400893.3,461975.06,16.381239,17.082048,17.389997,16.951096,375.1337023928634,7.8237734,5.665705,4.916593,20.558592
12209,12569813972,12569813972,0,-19.116621,12208.223,53799.805,635463.6,-256.33,564.91,-179.72,59.08095,55167.56,637737.0,635580.9,14.591799,19.906588,19.899233,18.13254,67.08321123118117,15.421461,1.3340385,1.338564,21.558897
105899,12578184818,12578184818,0,-18.630459,49892.668,21980.219,258273.61,306.1,-199.89,-122.53,60.19688,54519.797,259207.23,263048.53,15.052311,18.437775,18.469723,17.319937,107.5556891973254,15.899431,3.3441775,3.2953424,21.505356
223648,12588572540,12588572540,0,-18.325571,110284.03,99406.75,111315.64,-260.9,41.0,177.93,86.465645,148473.12,149241.0,156696.33,17.532667,17.54387,17.649725,17.575422,165.04663427674393,8.386061,8.342914,7.945973,20.944796
5468,12569145924,12569145924,0,-18.586798,34945.82,16410.613,557841.2,107.03,491.6,67.21,61.96786,38607.234,558082.5,558934.7,14.346544,20.146692,20.150007,18.214415,122.84908062296373,23.113132,1.5989343,1.5964963,21.92703
16172,12570257663,12570257663,0,-20.24782,33169.06,95305.63,474752.47,471.36,-785.11,272.16,78.074615,100912.586,484224.2,475909.75,14.771906,18.177412,18.139803,17.029707,120.11016130883608,11.141064,2.3218057,2.362369,21.017471
2598,12568928986,12568928986,0,-18.81835,1068.216,40514.438,331571.8,109.93,-146.89,707.48,66.75262,40528.52,334037.84,331573.53,14.220453,18.80063,18.784552,17.268545,129.63548410999513,23.717476,2.8776307,2.8990178,21.896128
6080,12569296101,12569296101,0,-19.094376,40697.023,52409.65,83939.875,77.54,8.16,509.39,72.351616,66355.25,98957.94,93285.32,15.014999,15.882877,15.754692,15.550857,93.880901827954,15.701269,10.528337,11.168556,21.487825
743,12568698070,12568698070,0,-19.156347,34155.26,36095.844,91865.76,191.06,69.11,339.91,65.697426,49693.98,98702.72,98009.69,14.3251705,15.815298,15.799997,15.313489,60.69351741426601,19.03733,9.5847645,9.652539,21.499258
101750,12578151375,12578151375,0,-19.23052,55124.688,12751.326,224960.02,398.2,-133.74,22.34,73.593376,56580.277,225321.11,231615.5,14.5328045,17.533491,17.59332,16.553205,92.89351684541124,18.729887,4.7032633,4.5754476,21.57029
3592,12568995107,12568995107,0,-18.343527,6141.4614,34593.16,381605.28,149.17,396.77,67.73,70.138176,35134.09,383170.06,381654.72,14.3851185,19.573427,19.564829,17.841125,80.02826541642716,28.746561,2.6358783,2.646344,21.89541
2101,12568879531,12568879531,0,-17.816324,22659.518,25329.562,295041.47,75.4,-131.63,-258.48,51.026234,33985.887,296126.75,295910.3,14.84017,19.541063,19.539476,17.97357,265.8606709487372,21.62002,2.4812949,2.4831097,22.01658
205060,12588168744,12588168744,0,-21.132967,130897.53,58586.81,327140.03,-102.38,-226.02,322.26,118.77571,143410.52,332344.72,352356.03,14.649939,16.474974,16.601942,15.908951,153.77103999624367,11.926383,5.1463733,4.854096,20.859251
311739,12597180548,12597180548,0,-19.814266,152679.44,40941.37,52419.145,-21.0,-66.64,-162.27,88.87396,158073.42,66512.875,161427.31,16.18003,14.300262,16.22562,15.568638,155.76158327009009,8.09614,19.241117,7.927931,20.959795
103054,12578073987,12578073987,0,-19.934414,74336.9,28857.318,144766.02,243.13,-530.11,523.55,74.198044,79741.58,147614.17,162736.52,14.574009,15.911228,16.123013,15.536083,100.01341639189428,13.398914,7.2381363,6.5655303,21.08224
5519,12569185156,12569185156,0,-17.674873,31106.549,14344.088,594483.0,100.54,337.68,13.11,67.630806,34254.492,594656.0,595296.25,14.998714,21.196457,21.198795,19.131323,86.34858421602212,28.430681,1.6377261,1.6359646,21.764435
10040,12569658031,12569658031,0,-20.320887,42256.734,61702.34,473904.75,401.62,577.71,-194.89,79.97979,74785.09,477904.7,475784.97,14.048189,18.075819,18.066168,16.730059,128.09087876994045,15.400225,2.4099135,2.4206502,20.843882
208061,12587866957,12587866957,0,-21.021175,129611.29,29625.684,661032.6,42.12,-3.4,60.13,107.928276,132954.0,661696.2,673619.5,14.597332,18.082119,18.1209,16.93345,133.38686971894344,11.6895,2.3487625,2.3071885,20.715454
111588,12578190223,12578190223,0,-18.683842,72854.086,18038.525,255028.47,157.31,-510.23,-7.48,66.90108,75054.02,255665.62,265230.53,15.6930275,18.354519,18.434273,17.49394,108.39600775793674,12.835748,3.7681067,3.6322188,22.046099
214511,12587941443,12587941443,0,-20.382904,95252.945,68671.03,69153.875,561.67,-261.25,284.15,88.36857,117425.87,97457.52,117708.88,14.965916,14.5611725,14.971142,14.832744,166.23336043332895,10.8366785,13.057032,10.810623,20.712725
220246,12588527680,12588527680,0,-21.049725,94569.586,105704.375,48410.438,50.76,412.18,-186.2,114.348885,141833.78,116262.57,106240.18,14.709175,14.277477,14.081722,14.356125,282.57152306732274,11.609523,14.162957,15.499046,20.720505
8323,12569444198,12569444198,0,-17.986261,9083.014,48709.355,244889.97,112.11,-340.08,312.22,74.7938,49548.992,249687.2,245058.36,15.488913,19.00072,18.960089,17.816574,107.78940997041308,21.736616,4.3135195,4.3949966,21.807907
8637,12569481294,12569481294,0,-19.627645,18064.986,62090.23,319817.97,-7.52,-150.12,356.53,92.257835,64664.832,325789.4,320327.78,14.425695,17.937037,17.900324,16.75435,56.64239925649027,20.54454,4.0778265,4.147354,21.064331
216416,12588564358,12588564358,0,-21.061134,103531.66,89586.375,146787.98,-664.16,-258.25,-224.33,100.37581,136910.64,171966.38,179626.05,14.621052,15.116081,15.210716,14.982616,118.46941717632215,10.557329,8.405195,8.046779,20.677576
307022,12596669112,12596669112,0,-21.109943,148139.92,15872.215,150825.02,-590.16,368.91,-236.44,106.13962,148987.8,151657.88,211408.66,14.75581,14.794384,15.515671,15.021955,189.3492653855467,10.258622,10.078009,7.229647,20.635916
11212,12569666712,12569666712,0,-19.09537,18677.512,59050.363,497666.16,48.37,528.53,514.72,64.44904,61933.793,501157.22,498016.53,14.864271,19.404501,19.390848,17.886541,101.23319228457468,14.984789,1.8518466,1.8635248,21.51748
108557,12578886515,12578886515,0,-19.524029,66556.23,50561.082,397791.9,396.58,449.19,-335.3,80.39089,83583.22,400992.3,403321.38,15.086567,18.49165,18.504227,17.360815,161.03138783277052,13.849998,2.8869102,2.870239,21.562033
118277,12579433166,12579433166,0,-19.617996,54513.953,92183.766,335034.97,471.8,207.93,86.98,75.95764,107096.305,347485.66,339441.0,15.530876,18.086685,18.035828,17.217796,122.87222992109838,10.213138,3.147727,3.2223272,21.176874
4373,12569034755,12569034755,0,-19.27437,36865.312,38762.535,421297.25,16.79,268.19,-202.07,65.54448,53493.79,423076.72,422907.12,14.367147,18.857725,18.856855,17.360575,82.99456157083017,17.64389,2.2308967,2.2317915,21.522034
6369,12569257003,12569257003,0,-18.886343,32972.438,61720.305,42427.086,-266.03,-10.21,138.88,72.47806,69975.55,74896.29,53733.035,15.338388,15.485956,14.764864,15.1964035,90.54270304621136,14.91496,13.935039,19.423462,21.237862
18706,12570628480,12570628480,0,-21.348207,3334.4937,162513.7,282123.8,-19.3,341.0,693.22,116.48146,162547.9,325583.4,282143.53,14.706701,16.215101,15.904142,15.608647,237.7204591355921,10.319,5.151776,5.9449625,20.508509
790,12568739279,12568739279,0,-18.229906,41047.35,25942.02,122021.984,-41.02,-225.87,324.35,74.07822,48557.938,124749.16,128741.016,15.201395,17.250284,17.318682,16.59012,147.5129383351912,21.968046,8.550966,8.285829,21.679468
11863,12569668412,12569668412,0,-17.691484,16363.325,47885.957,485482.44,167.35,133.36,74.23,60.917652,50604.58,487838.38,485758.12,15.829466,20.749899,20.740618,19.10666,36.55022464526731,17.334648,1.7981657,1.8058661,22.38891
106519,12578222526,12578222526,0,-19.40578,80261.875,29369.936,270664.7,299.68,-159.99,-120.01,75.26335,85466.73,272253.5,282314.25,15.253204,17.769089,17.847885,16.956726,113.68259260188768,12.680855,3.9808197,3.8389566,21.357439
110960,12578655499,12578655499,0,-20.109352,74929.28,59911.81,122414.08,272.89,192.93,455.65,90.677666,95936.555,136288.78,143525.62,14.800568,15.56295,15.675293,15.346271,170.0959924149772,13.610629,9.580814,9.097732,21.279982
27671,12571372017,12571372017,0,-20.028433,12018.902,213515.1,413776.5,248.38,-178.51,-6.18,101.54318,213853.11,465617.53,413951.03,16.622145,18.311716,18.056314,17.663391,147.86600685803282,6.8375034,3.1403923,3.532354,20.347994
221118,12588458842,12588458842,0,-20.42007,91858.055,73360.28,669756.1,422.75,57.28,-490.13,83.82213,117556.94,673761.8,676026.0,14.931171,18.722462,18.729748,17.461126,146.00189585012126,10.267687,1.7914916,1.7854915,20.778559
1700,12568774521,12568774521,0,-16.361153,13044.353,19078.09,162131.22,195.64,-258.41,142.62,40.297504,23111.223,163249.83,162655.12,15.457962,19.70311,19.695183,18.285418,50.60718331158134,25.108223,3.5545766,3.5675726,22.428724
112316,12579275753,12579275753,0,-19.57867,48937.062,119224.2,133146.08,-225.17,390.16,-174.76,81.20071,128876.87,178724.05,141854.55,15.972206,16.682243,16.180546,16.278332,89.85791558121828,9.07292,6.542432,8.242878,21.055473
203879,12587582286,12587582286,0,-19.796885,103527.38,5403.6807,301363.72,161.58,167.86,-36.93,84.56787,103668.31,301412.16,318650.3,15.281347,17.598917,17.719687,16.866652,189.6544761638556,11.746852,4.0402393,3.8216727,21.481161
18747,12570479049,12570479049,0,-20.172407,22854.78,146988.62,56741.254,-362.96,-44.34,-341.74,92.1804,148754.83,157560.23,61171.16,15.689947,15.814829,13.7603245,15.0883665,157.41698814626466,8.9233885,8.424696,21.699667,20.953161
103493,12578035598,12578035598,0,-19.325342,53500.094,29988.707,102421.53,156.51,-42.99,320.02,70.53931,61331.742,106721.57,115552.72,14.613085,15.81592,15.988562,15.472522,131.96818660974483,16.561804,9.517901,8.790494,21.57753
4934,12569144912,12569144912,0,-18.239584,42146.78,43044.547,571580.94,511.59,407.71,-419.51,59.270283,60242.71,573199.44,573132.7,15.659937,20.551943,20.551691,18.92119,113.75544765194898,14.167539,1.4889967,1.4891701,21.638514
107692,12578405581,12578405581,0,-19.91944,71223.34,6426.5703,512893.28,685.98,733.45,-355.77,75.61209,71512.695,512933.56,517814.9,14.352476,18.630865,18.65143,17.211592,94.66903943254609,15.225442,2.1227195,2.102709,21.192665
2039,12568856530,12568856530,0,-18.75119,21879.213,36168.73,249538.78,112.63,-936.91,571.12,57.72421,42271.47,252146.34,250496.11,14.379044,18.257072,18.242813,16.959642,72.8048616495497,19.66401,3.2966115,3.3183293,21.688559
7419,12569377245,12569377245,0,-20.324827,16490.133,83551.94,154876.28,256.52,-562.73,-82.47,101.35033,85163.67,175976.11,155751.69,14.326445,15.902441,15.637335,15.288739,170.98727414021255,17.136908,8.293422,9.370325,20.889862
1212,12568778359,12568778359,0,-18.817892,31365.096,43364.54,166790.48,490.99,149.72,-673.36,63.480003,53518.71,172335.58,169713.98,14.824636,17.363981,17.330694,16.506437,95.68978688306646,17.080202,5.304255,5.386191,21.616919
7944,12569442580,12569442580,0,-20.058811,45801.793,68363.07,256553.67,379.62,-459.39,306.51,79.77196,82287.99,265505.75,260610.03,14.517872,17.061558,17.021145,16.200191,81.79413723388548,13.959688,4.3265204,4.407797,20.988743
11221,12569740527,12569740527,0,-19.028347,41321.83,80940.19,568484.9,317.67,142.28,-73.79,63.80629,90877.98,574218.06,569984.7,15.763947,19.76704,19.750969,18.427319,163.18758182662268,10.11037,1.6001074,1.6119916,21.038168
114329,12578996396,12578996396,0,-19.766695,64055.734,65288.625,519607.34,592.37,-224.99,672.71,55.881832,91464.43,523693.03,523540.75,15.039564,18.828691,18.828054,17.565437,115.88689851683336,8.797934,1.5365841,1.537031,20.51901
207916,12587402964,12587402964,0,-20.861153,112609.984,24733.135,96626.63,196.35,-348.81,417.83,121.026566,115294.13,99741.836,148383.67,14.447884,14.133236,14.995777,14.525632,201.14005451881275,15.115948,17.4729,11.7451,20.469713
223785,12588019965,12588019965,0,-18.281279,94792.836,59844.68,155326.72,188.96,-233.0,174.77,71.71528,112102.93,166456.53,181967.23,16.966806,17.825228,18.01869,17.603575,85.19500738746704,9.212065,6.2040205,5.675196,21.36541
231154,12588684302,12588684302,0,-20.504654,109716.234,107088.02,264617.12,28.02,210.24,46.5,97.122444,153315.03,285464.66,286460.97,15.423271,16.773106,16.780674,16.325684,158.7590560601999,9.1221485,4.899251,4.882211,20.905676
13383,12569921837,12569921837,0,-20.265755,4892.108,95727.77,117978.484,-206.83,352.52,344.02,139.49956,95852.695,151930.02,118079.87,14.642269,15.642464,15.095123,15.126618,270.107137899711,20.957033,13.22182,17.012129,22.03624
116217,12579066941,12579066941,0,-19.538225,79099.67,50766.465,593776.94,21.95,571.73,-314.77,70.2727,93989.32,595943.2,599022.4,15.327169,19.337797,19.34899,18.004652,100.26109751351628,10.766394,1.6980256,1.6892972,21.11725
15193,12570182226,12570182226,0,-18.573534,15616.728,113686.69,383989.22,237.53,494.53,35.36,88.87396,114754.28,400465.22,384306.66,16.72531,19.439291,19.349855,18.50482,102.84924739713806,11.152386,3.1957457,3.330114,21.550161
114401,12579204239,12579204239,0,-19.95381,61728.066,87142.85,57274.49,241.62,421.4,189.87,84.19665,106790.59,104279.64,84206.42,15.188856,15.13719,14.672918,14.999654,112.82633133016007,11.353348,11.626725,14.398311,21.111338
10378,12569664391,12569664391,0,-18.453907,7680.4463,50986.227,495862.88,-407.71,362.66,75.29,75.1469,51561.465,498477.28,495922.34,15.107719,20.03432,20.023159,18.3884,170.57230767859372,20.986843,2.1708417,2.1820257,21.210608
12117,12569799595,12569799595,0,-20.075737,28252.34,67164.95,614767.5,-280.9,425.03,-292.23,75.72711,72865.12,618425.56,615416.3,14.236862,18.8807,18.87011,17.329224,102.85677478554372,14.965581,1.763301,1.7719232,21.034687
107187,12578845919,12578845919,0,-19.49732,59469.598,48475.25,344842.75,235.35,14.92,-80.66,74.67588,76723.42,348233.22,349933.06,14.927317,18.21203,18.222605,17.120651,135.3401784680918,14.015685,3.0879667,3.0729666,21.186218
5760,12569081555,12569081555,0,-16.0109,33033.133,43917.344,470759.25,-268.32,350.37,-405.44,41.863827,54953.81,472803.38,471916.8,17.689089,22.362505,22.358427,20.803339,78.81033055373676,10.969915,1.2750313,1.2774267,21.829569
4979,12569143868,12569143868,0,-18.24316,44142.8,25143.195,553182.94,341.91,731.63,131.1,54.580708,50801.254,553754.06,554941.4,15.286213,20.473423,20.478077,18.745905,54.9666192074925,15.471292,1.4193344,1.4162977,21.883528
5011,12569147078,12569147078,0,-18.706146,28998.28,45335.676,569156.7,435.91,399.92,-313.64,58.119446,53816.574,570959.4,569894.94,14.948433,20.076881,20.072826,18.366047,109.37530235659274,15.55132,1.4658136,1.4685514,21.868723
10131,12569631829,12569631829,0,-20.582277,31803.062,82120.4,446128.0,-321.19,566.16,-18.35,89.53828,88063.586,453623.12,447260.12,14.141706,17.7012,17.670523,16.504477,152.0492266842705,14.641118,2.8423398,2.8827767,20.943504
11242,12569704280,12569704280,0,-19.327461,13722.999,83285.0,534575.94,394.99,-31.66,179.81,86.64206,84408.01,541024.8,534752.06,15.304455,19.338623,19.313301,17.98546,188.122799918808,14.781109,2.3060784,2.3331292,21.308031
110098,12578543379,12578543379,0,-18.96404,79773.38,10867.766,651055.8,301.76,507.16,-193.23,68.76831,80510.25,651146.5,655924.94,15.565218,20.104353,20.120234,18.596601,148.3252943071681,12.299834,1.5208001,1.509721,21.42755
119645,12579502962,12579502962,0,-19.236277,51988.254,96820.984,404688.06,377.05,176.88,-85.64,80.59487,109895.77,416109.03,408013.75,15.96863,18.859762,18.817099,17.88183,136.93465742242523,10.5606,2.7890913,2.8444288,21.269985
8740,12569405135,12569405135,0,-19.820873,7827.701,65572.984,210165.7,-19.28,-84.68,-133.05,77.63856,66038.55,220157.77,210311.42,14.278114,16.8928,16.793438,15.988117,115.54565652698538,16.929403,5.0781536,5.3159027,21.178408
100053,12578365327,12578365327,0,-19.825888,75443.43,26734.508,434829.47,296.43,-237.44,-233.06,84.56787,80040.27,435650.56,441325.7,14.690653,18.369802,18.39791,17.152788,139.77888413741044,15.214534,2.7953074,2.759362,21.233288
312509,12597507439,12597507439,0,-21.057375,154640.03,62788.543,449166.5,28.62,74.82,-24.27,116.33565,166901.0,453533.84,475041.16,15.054918,17.225672,17.32628,16.535624,168.14412174409543,10.03728,3.6937332,3.526501,20.369677
1125,12568742677,12568742677,0,-18.100502,28726.994,18294.57,135413.03,-38.92,-289.28,260.42,56.508896,34057.766,136643.25,138426.61,14.560577,17.577442,17.605595,16.581205,93.72413356370508,23.8925,5.9551272,5.878407,21.986074
2408,12568878395,12568878395,0,-17.128738,28469.322,4069.3562,255437.12,396.93,-494.56,163.59,44.014503,28758.686,255469.53,257018.73,15.165108,19.907959,19.921085,18.331385,62.0970976914194,22.038797,2.4809568,2.4660025,22.71856
11929,12569704453,12569704453,0,-18.457418,35591.61,55285.633,547430.6,276.02,457.69,712.62,62.48044,65751.53,550215.25,548586.44,15.6321125,20.245245,20.23881,18.705389,97.21653278977948,13.683594,1.6352116,1.6400666,22.06665
23290,12570839220,12570839220,0,-20.265814,15620.564,139084.31,469478.44,-134.82,-170.94,-124.26,141.07906,139958.73,489647.28,469738.25,15.464186,18.183603,18.093466,17.247086,311.6433185567141,14.515246,4.148983,4.32483,21.567835
115107,12579538308,12579538308,0,-21.108297,62308.477,122507.266,471527.62,264.17,-784.21,-152.45,98.43587,137442.27,487182.03,475626.6,14.582308,17.33016,17.278032,16.396833,110.95979464965208,10.313244,2.9095416,2.9802294,20.468908
1363,12568779238,12568779238,0,-18.076008,14328.357,25239.986,162787.0,282.75,-77.01,-112.73,58.5081,29023.416,164732.1,163416.36,14.237736,18.007881,17.99047,16.745363,83.61892561686228,29.0287,5.1144648,5.1556435,22.251139
11193,12569776485,12569776485,0,-19.238848,8325.106,77448.414,609554.0,210.18,190.47,-161.98,77.528404,77894.57,614454.5,609610.9,15.218687,19.7036,19.686415,18.202902,114.81420160559436,14.33229,1.8169107,1.831347,21.630957
21895,12570806997,12570806997,0,-21.127966,38796.875,141693.73,431007.62,-20.56,518.11,-344.29,94.308876,146909.19,453701.1,432750.25,14.707281,17.155882,17.05322,16.30546,205.91308327821616,9.244126,2.9932652,3.1381788,20.563673
115817,12579240554,12579240554,0,-20.44695,66557.29,125515.39,122628.98,-35.25,270.62,325.36,84.47506,142070.36,175476.44,139526.84,15.315565,15.774141,15.276339,15.455348,181.13995322903693,8.562238,6.9322157,8.718325,20.273943
61,12568654364,12568654364,0,-17.719952,5598.015,39006.3,10744.915,-232.23,119.26,-275.58,64.60827,39405.953,40459.17,12115.732,15.257858,15.315132,12.696796,14.423263,99.41646073898946,23.609524,22.994932,76.78643,22.053202
1362,12568774346,12568774346,0,-18.993916,12230.047,39448.73,175531.16,216.77,10.87,-474.07,58.5081,41301.047,179909.39,175956.7,14.085888,17.281353,17.233116,16.200119,74.26994415202792,20.399345,4.6830044,4.7882032,21.483185
6553,12569334136,12569334136,0,-20.614923,32456.84,84782.55,115183.24,-97.4,177.59,273.89,94.38287,90782.85,143021.89,119668.82,14.1750965,15.162088,14.774981,14.704056,125.0498447291018,14.971014,9.502829,11.35728,20.969255
120669,12579718217,12579718217,0,-19.719795,61315.28,94850.26,622598.9,-0.0,80.44,-440.47,76.75069,112943.06,629782.44,625610.8,15.544502,19.276157,19.261726,18.027462,140.74406967043055,9.785543,1.7549075,1.7666093,21.257479
129641,12580560114,12580560114,0,-21.289478,71559.164,178175.7,286081.22,356.43,-24.46,206.37,130.11955,192008.58,337029.75,294895.2,15.127125,16.348862,16.058857,15.844948,173.60894105439897,9.758524,5.5595126,6.353854,20.621658
16962,12570223546,12570223546,0,-20.028442,23531.63,108070.05,439510.16,-80.75,22.75,-251.35,79.56373,110602.31,452601.72,440139.66,15.190376,18.250137,18.189514,17.210009,110.22829370207056,10.358888,2.5314038,2.6030774,20.67916
20429,12570553568,12570553568,0,-21.147896,14563.326,134360.95,164180.25,-171.82,290.83,-52.0,116.6269,135147.9,212150.94,164824.89,14.506153,15.485329,14.937218,14.9762335,186.1814173853953,12.426576,7.916188,10.189155,20.579548
416219,12606291914,12606291914,0,-20.952602,187853.81,28204.832,502081.7,-201.09,508.3,283.61,139.19429,189959.39,502873.28,536073.75,15.440701,17.554691,17.69352,16.896303,290.1831251417732,10.55171,3.98589,3.7390332,20.68859
203123,12587479956,12587479956,0,-19.709755,101545.97,5427.473,175931.7,-361.7,159.81,-23.69,78.93241,101690.91,176015.4,203134.31,15.326656,16.518002,16.829163,16.224607,105.20791999889585,11.177261,6.4575396,5.595443,21.29857
2111,12568853158,12568853158,0,-18.840885,38317.758,17378.018,266453.34,98.05,-399.7,-68.58,75.029305,42074.293,267019.44,269194.44,14.279198,18.291832,18.309444,16.960157,108.90582693686048,25.678802,4.0462294,4.0135374,21.624968
8814,12569557346,12569557346,0,-19.082987,21903.518,80967.74,369932.03,453.76,176.34,-353.21,74.5568,83878.125,378689.16,370579.9,15.535257,18.808432,18.761423,17.701704,136.8595245693114,12.799724,2.8350902,2.8971293,21.084757
223481,12588317121,12588317121,0,-19.41229,113224.9,68815.836,483237.25,387.75,259.48,342.6,83.82213,132497.16,488112.53,496324.6,16.198744,19.030313,19.066538,18.098532,101.82065823003563,9.109916,2.4728696,2.4319541,21.281578
240989,12589946670,12589946670,0,-21.319086,92317.375,170274.06,359228.16,422.05,-207.47,-87.41,126.258804,193689.83,397540.1,370900.75,15.116446,16.677816,16.527205,16.107155,182.2513979204936,9.38679,4.573442,4.9019217,20.444265
3759,12568917482,12568917482,0,-15.572589,27493.527,13775.227,328709.0,560.93,696.27,-520.81,43.321205,30751.438,328997.5,329856.78,16.866737,22.013374,22.01904,20.299717,46.52290621381997,20.286001,1.8961401,1.8912007,22.817015
5694,12569034793,12569034793,0,-16.62817,42728.992,42038.17,452817.34,-167.83,289.56,218.89,64.44904,59941.43,454764.5,454828.88,17.260464,21.660763,21.661072,20.1941,44.514704109988685,15.482861,2.0407622,2.0404732,21.906662
5727,12569038121,12569038121,0,-17.695726,12567.344,21908.525,412265.38,-223.38,211.03,-264.54,45.015114,25257.11,412847.1,412456.88,14.316191,20.383223,20.381166,18.360193,69.34161424722959,25.66465,1.5701154,1.571601,21.678482
6268,12569100785,12569100785,0,-17.422363,19375.021,35601.42,503384.5,167.53,27.12,-198.59,18.119446,40532.12,504641.88,503757.22,15.616634,21.092552,21.088741,19.265976,525.697495476283,6.437362,0.51703995,0.517948,20.238276
5358,12569126429,12569126429,0,-19.221495,41071.805,39857.64,524118.44,523.43,544.35,121.21,78.39813,57232.2,525631.75,525725.25,14.566706,19.38191,19.382296,17.77697,112.85304291868374,19.72544,2.1477642,2.1473825,21.67216
108275,12578846929,12578846929,0,-19.048166,57743.76,42521.047,362089.88,357.18,181.48,-3.85,70.803925,71710.4,364578.0,366665.28,15.229746,18.760786,18.773184,17.587906,133.3127588118395,14.217954,2.7965934,2.7806735,21.310041
102871,12578222247,12578222247,0,-18.594845,54138.668,7800.506,275162.88,72.38,-337.87,-236.76,64.289024,54697.746,275273.44,280438.25,15.095001,18.603977,18.64434,17.447773,104.7157759404326,16.925016,3.3630629,3.3011255,21.160856
103496,12578293753,12578293753,0,-20.611937,85634.96,21501.97,349366.66,253.11,134.53,-252.04,98.572075,88293.16,350027.72,359708.78,14.117701,17.108576,17.167818,16.131365,165.89497651709306,16.076393,4.055215,3.9460747,21.180222
8993,12569437106,12569437106,0,-18.260948,3263.8047,51417.1,245662.03,-200.1,-98.82,2.68,72.09826,51520.586,250985.16,245683.72,15.298958,18.73729,18.690933,17.575727,121.16709220980584,20.151405,4.1365585,4.2258186,21.915695
208885,12587868715,12587868715,0,-20.437191,126919.53,12668.902,669075.4,-168.65,151.65,235.05,84.19665,127550.26,669195.3,681006.94,15.091217,18.690575,18.728569,17.503454,119.4404416585175,9.505516,1.8117756,1.7803514,20.908768
15207,12569775699,12569775699,0,-20.814241,26892.791,90320.44,629793.3,-38.06,95.91,-488.31,106.08113,94239.08,636236.9,630367.2,14.056913,18.203852,18.18373,16.814833,233.2258738526969,16.209473,2.4009428,2.423299,20.76129
109057,12578731323,12578731323,0,-19.62158,69163.61,42415.95,217788.97,281.1,-426.66,31.74,68.34606,81133.945,221880.94,228507.42,14.924433,17.109018,17.172922,16.402124,143.1533082553906,12.13034,4.4356365,4.3070073,21.316788
217003,12588457314,12588457314,0,-20.945887,93734.71,74813.93,640474.1,-279.41,-219.06,-884.43,133.43176,119930.484,644828.8,647296.9,14.448763,18.101336,18.109632,16.886576,294.7874320179881,16.021067,2.9797323,2.968371,20.824762
16180,12569184631,12569184631,0,-17.986982,25552.412,12812.808,590458.75,261.14,383.34,59.68,61.96786,28584.852,590597.75,591011.4,14.293695,20.869478,20.870996,18.678057,103.31804581525762,31.216944,1.5109053,1.5098478,21.920181
129812,12578995756,12578995756,0,-20.366034,85269.95,63004.223,529333.06,-134.13,-543.81,-105.31,88.28414,106021.21,533069.44,536157.1,14.760927,18.267885,18.280428,17.10308,187.3108699036996,11.990907,2.3848517,2.3711176,20.888609
120276,12579130812,12579130812,0,-19.95824,75580.78,51042.33,656196.5,330.31,174.04,-773.24,87.34121,91201.83,658178.7,660534.9,14.841778,19.13348,19.14124,17.7055,181.9514192946664,13.790424,1.9108996,1.9040833,21.2835
215429,12587766067,12587766067,0,-20.095,92849.87,2402.4663,552916.25,171.39,899.01,277.02,71.586136,92880.945,552921.44,560658.06,14.744635,18.618319,18.648493,17.337149,156.65499070123187,11.098504,1.8643523,1.8386258,20.74791
115700,12579204615,12579204615,0,-20.622793,64374.836,87780.27,61154.84,122.76,520.76,81.53,86.64206,108855.39,106982.664,88792.086,14.561457,14.523771,14.119078,14.401436,142.29749999260062,11.461487,11.662119,14.051298,20.802305
109071,12578439600,12578439600,0,-20.087782,81303.16,20902.676,556587.3,507.92,622.89,203.85,91.077995,83947.16,556979.7,562494.1,14.532248,18.641413,18.66281,17.278824,108.16423452475294,15.623174,2.3547053,2.331621,21.179821
103114,12578289109,12578289109,0,-19.732676,60261.168,28392.13,384241.78,553.43,206.7,-106.56,94.01076,66614.73,385289.3,388938.5,14.385176,18.196257,18.21673,16.932722,206.06170583975663,20.322104,3.513606,3.4806397,21.05369
11295,12569740579,12569740579,0,-19.867937,45446.504,70673.555,587758.06,319.22,-296.24,-219.86,81.20071,84024.62,591991.8,589512.5,14.754095,18.993643,18.984526,17.577421,148.1385627021726,13.916025,1.9751796,1.9834867,21.326567
105294,12578257591,12578257591,0,-19.112165,89418.875,35053.477,322384.78,-161.76,242.96,-5.52,80.49267,96044.164,324284.88,334555.94,15.800188,18.442465,18.510176,17.584276,158.7268477871019,12.068337,3.5743089,3.4645755,20.829384
107131,12578442224,12578442224,0,-17.714016,53875.4,14470.349,547597.2,554.87,497.63,388.92,69.596695,55784.85,547788.4,550241.06,16.018566,20.97905,20.98875,19.328789,98.97164094234574,17.965279,1.8295248,1.8213698,22.108683
300924,12597067418,12597067418,0,-21.842974,155448.2,25468.729,591464.06,-253.48,145.8,-96.56,122.3226,157520.8,592012.1,611550.4,14.143717,17.018679,17.089186,16.08386,184.4874633973659,11.182295,2.9753535,2.8802948,20.149849
116,12568660319,12568660319,0,-19.210627,33652.9,38204.52,3677.9912,-72.92,151.34,-248.81,69.184525,50912.7,38381.152,33853.29,14.3235035,13.709963,13.437376,13.823613,110.5072258916594,19.567902,25.956825,29.428503,21.503761
211299,12588353370,12588353370,0,-20.50255,92598.336,81386.65,549308.8,-71.44,163.52,-182.35,87.857895,123281.14,555305.25,557058.9,14.951933,18.220106,18.226957,17.132998,113.23374360858423,10.262339,2.2783031,2.271131,20.499596
1794,12568825574,12568825574,0,-18.446732,39088.24,4973.925,226548.77,521.23,-8.95,555.18,59.270283,39403.43,226603.36,229896.14,14.530937,18.329601,18.360924,17.07382,473.1400924534992,21.660284,3.7664576,3.7125113,21.839388
11412,12569662828,12569662828,0,-18.826246,42360.56,45848.594,511990.56,388.99,246.43,308.37,65.389786,62422.035,514039.34,513739.97,15.150446,19.728739,19.727468,18.202217,53.89167807337055,15.084602,1.8317916,1.832859,21.601715
16597,12570183365,12570183365,0,-19.729132,41703.566,118948.0,411068.5,127.5,68.71,-302.64,98.70791,126046.87,427932.2,413178.56,15.773531,18.427744,18.351557,17.51761,189.6214364844806,11.2767,3.3215396,3.440144,21.286814
116461,12579583340,12579583340,0,-20.630413,88108.67,124424.17,481266.34,-820.34,-269.07,555.14,101.8624,152461.52,497090.22,489265.2,15.285385,17.85176,17.81731,16.98482,112.5322504886584,9.620904,2.9508092,2.9980028,21.023783
101835,12578330279,12578330279,0,-19.214596,79669.22,9813.71,405748.7,138.4,-205.51,-170.67,75.26335,80271.375,405867.34,413496.28,15.308208,18.827324,18.86776,17.667765,79.40110925599447,13.501587,2.6703112,2.6210446,21.44542
101863,12578332720,12578332720,0,-17.544683,57978.67,28710.172,398750.72,474.02,115.32,-151.62,58.119446,64697.76,399782.97,402943.75,16.509764,20.464441,20.481539,19.151915,49.69549435957212,12.935828,2.0934358,2.0770144,21.982117
205645,12587357864,12587357864,0,-20.101246,103363.55,8203.483,75177.36,236.05,-1059.85,71.79,88.70576,103688.57,75623.625,127811.02,14.977409,14.292042,15.431595,14.900349,156.11385559191822,12.319214,16.891027,9.994146,20.873745
9045,12569525305,12569525305,0,-18.54618,3336.8257,72281.35,338872.28,285.97,421.36,741.71,70.2727,72358.336,346495.34,338888.72,15.751263,19.152306,19.104103,18.002558,80.62875925071401,13.9849205,2.9204626,2.9860148,21.47624
1191,12568773322,12568773322,0,-18.890308,44880.87,28114.352,173660.75,710.58,-152.23,-421.85,72.97778,52959.508,175921.78,179366.52,14.729412,17.336288,17.378399,16.481367,171.74622257516944,19.843037,5.973563,5.858841,21.705101
125154,12579981135,12579981135,0,-20.983633,60523.742,134089.0,276256.38,157.65,454.17,385.69,120.57524,147115.53,307078.88,282808.6,14.854662,16.45262,16.273829,15.86037,151.16542770937494,11.802166,5.6541924,6.139428,21.20146
158,12568660033,12568660033,0,-18.660824,4003.5806,40297.805,15726.456,-198.31,-1.39,-957.52,66.90108,40496.195,43257.77,16228.064,14.376247,14.519497,12.390511,13.762085,84.99085761050124,23.789198,22.270508,59.363434,21.690664
11492,12569851289,12569851289,0,-19.973759,34783.984,101116.67,38063.395,-337.64,213.43,179.49,82.38661,106932.26,108043.52,51563.047,15.171787,15.194237,13.587933,14.651319,77.57300756905273,11.09456,10.980448,23.00801,21.07841
16161,12570294878,12570294878,0,-18.360992,17825.723,103045.33,505690.97,426.82,-506.97,-93.63,63.150326,104575.79,516083.03,506005.03,16.736164,20.202606,20.159782,19.03285,104.1239593194806,8.695744,1.7620512,1.7971456,21.195597
101689,12578190875,12578190875,0,-17.837505,54873.676,18531.172,264840.22,195.76,-581.95,-329.29,62.983635,57918.258,265487.75,270465.25,15.976574,19.282719,19.323055,18.194117,56.75855899714793,15.65936,3.416219,3.3533487,22.094582
213130,12588316665,12588316665,0,-20.55124,97103.04,46188.367,510761.2,-184.27,106.63,330.21,89.70283,107528.44,512845.34,519909.6,14.606379,17.998693,18.028399,16.877823,153.63300016021853,12.012818,2.5187335,2.4845104,20.938562
307058,12596847191,12596847191,0,-20.951986,137373.33,420.52884,345310.06,251.43,102.57,197.18,110.64023,137373.97,345310.3,371632.16,14.737535,16.739061,16.89858,16.12506,166.53631437043057,11.59767,4.613876,4.287086,20.849678
4846,12569038300,12569038300,0,-16.168505,24510.537,40467.81,449933.22,-183.55,460.9,138.91,67.4865,47311.836,451749.44,450600.34,17.206343,22.105986,22.100454,20.470926,69.87339553111626,20.540379,2.151205,2.1566908,21.784906
10417,12569336065,12569336065,0,-18.673796,8092.3745,73198.375,114129.18,-125.14,-72.34,228.47,66.75262,73644.336,135585.66,114415.72,15.661901,16.987272,16.618635,16.422602,111.51073276106052,13.052418,7.089521,8.401269,21.921595
116524,12578440591,12578440591,0,-19.335026,66000.31,7625.8457,535944.2,780.96,445.32,125.35,70.2727,66439.41,535998.44,539992.8,14.777103,19.310791,19.326912,17.804935,102.42805803896772,15.2308,1.8879287,1.8739635,21.523415
207262,12587403861,12587403861,0,-20.808811,100444.74,29006.043,112367.99,232.41,-374.82,396.13,117.97355,104549.016,116051.35,150717.33,14.287785,14.514442,15.082005,14.6280775,194.2186295342111,16.248993,14.638493,11.271548,20.642328
106130,12578150257,12578150257,0,-19.392107,49783.69,31266.316,201018.64,498.26,-737.53,-95.96,72.85307,58787.742,203435.69,207091.55,14.454325,17.150026,17.188704,16.26435,89.76277223013335,17.845253,5.156834,5.0657983,21.486406
116597,12578510932,12578510932,0,-18.450777,56089.117,1673.6837,613947.3,-202.84,506.96,-458.26,61.27173,56114.082,613949.56,616504.06,15.294584,20.489885,20.498903,18.761124,69.78840689171803,15.72353,1.4371098,1.4311551,21.95983
129006,12579578752,12579578752,0,-18.994041,58402.613,85585.3,507511.62,326.88,-6.69,352.94,87.77191,103613.266,514677.47,510860.97,16.083035,19.563637,19.54747,18.398046,165.2550277327796,12.198383,2.4557428,2.4740891,21.248682
129720,12579648193,12579648193,0,-20.146334,71278.07,112307.47,561661.0,323.4,85.73,23.27,113.89035,133017.03,572779.25,566165.75,15.473204,18.643602,18.618387,17.578398,156.96822944512658,12.329395,2.8632689,2.8967152,21.685663
320030,12597051078,12597051078,0,-20.45899,158898.28,35143.863,559733.75,121.2,15.97,-91.05,94.89956,162738.3,560835.94,581850.94,15.598459,18.285189,18.365068,17.416239,147.94241920372826,8.397243,2.4366372,2.3486319,20.974825
322929,12597437366,12597437366,0,-20.367056,144540.31,42057.09,341172.4,277.55,-151.23,532.88,97.818,150534.72,343754.88,370527.34,15.521128,17.314188,17.477045,16.770788,148.82786300722546,9.357167,4.0976267,3.8015523,21.014925
